R,G,B
144,58,26
144,55,25
145,57,25
142,55,25
143,57,27
142,55,25
140,54,25
142,54,24
142,54,24
144,57,26
143,55,25
145,56,26
144,55,27
143,56,26
142,55,25
142,56,25
145,57,26
141,54,25
143,55,24
145,59,27
142,54,23
142,54,26
144,56,25
144,56,25
143,55,24
143,55,25
144,57,26
142,55,24
144,59,27
143,57,29
144,55,24
144,58,26
141,56,27
143,55,25
142,55,26
144,57,27
143,57,26
142,55,24
144,56,26
143,56,27
142,55,24
141,58,26
141,56,24
144,57,27
144,57,26
143,55,25
143,55,24
144,57,26
145,58,27
143,56,26
145,57,25
144,55,24
143,56,27
142,55,23
144,55,22
144,57,25
143,56,24
143,54,24
144,58,26
144,57,26
141,54,23
141,57,25
144,57,26
143,55,23
140,53,23
142,55,25
145,57,25
142,54,24
143,57,27
140,56,23
144,56,24
143,56,25
144,56,25
143,56,24
143,56,26
144,56,25
141,57,23
143,57,26
145,57,25
144,57,24
143,57,25
144,56,25
141,54,25
144,58,25
142,55,26
146,56,25
147,57,27
145,57,26
142,56,26
145,55,25
144,56,26
142,54,25
144,57,26
143,55,24
146,57,26
142,55,26
145,57,26
142,56,25
141,54,23
143,56,26
144,57,26
146,59,26
143,57,24
143,55,25
143,52,23
143,55,24
144,56,26
142,54,23
144,57,26
142,55,25
142,54,24
144,57,25
144,57,25
143,55,26
143,56,25
143,53,23
143,56,26
142,56,26
142,55,25
143,54,24
144,56,25
142,55,26
146,54,27
145,58,26
143,55,23
140,54,21
143,56,27
142,56,27
143,56,23
145,57,25
142,55,24
141,55,21
142,55,23
144,56,26
144,58,25
144,58,26
142,56,26
144,56,26
142,55,25
142,55,25
143,56,25
141,55,25
141,56,24
142,59,24
144,57,27
142,55,24
145,57,25
143,56,26
144,57,25
141,53,22
142,56,26
145,57,29
146,56,26
142,55,26
142,56,26
142,54,25
144,57,27
141,55,25
144,57,26
143,55,26
142,55,25
143,55,25
145,57,25
142,56,26
140,54,23
141,56,23
147,55,27
146,57,26
143,57,25
142,55,25
142,54,25
144,57,26
142,55,26
143,55,28
143,56,25
145,57,25
141,55,24
142,53,24
145,56,26
144,57,26
142,55,25
144,57,26
142,55,26
143,56,26
145,55,23
143,57,25
143,55,25
142,55,24
144,57,27
142,57,25
142,52,24
141,55,25
146,56,25
144,57,27
145,56,25
141,55,25
142,54,24
141,54,25
144,56,25
143,55,24
143,55,24
144,57,26
145,57,26
142,56,26
141,55,26
143,55,24
143,56,28
144,58,27
141,54,23
144,55,24
142,56,26
145,57,26
143,55,24
142,55,29
144,56,26
144,57,26
142,54,25
146,57,27
143,55,24
144,57,26
142,54,25
141,54,25
144,56,24
144,55,23
142,56,26
145,57,26
145,56,27
142,55,24
142,54,23
144,58,24
145,56,29
145,57,27
144,57,25
142,56,26
144,57,26
142,55,25
142,55,26
144,57,26
145,57,28
142,55,26
143,57,24
142,55,25
143,55,24
141,55,24
143,55,25
143,55,24
146,58,27
145,57,26
144,56,26
143,55,24
142,55,25
142,55,26
144,56,25
144,56,25
143,58,27
143,55,26
142,54,25
142,56,25
141,54,24
142,56,26
144,56,25
145,57,26
142,55,25
144,56,25
143,55,25
144,56,28
143,57,26
144,56,24
141,54,25
142,54,24
141,54,24
142,55,26
143,56,24
143,55,26
144,58,26
141,54,25
142,54,25
143,55,25
145,56,26
143,57,27
143,55,26
141,55,23
140,58,22
143,55,25
141,53,23
144,57,26
143,55,25
144,57,26
143,55,24
144,57,27
142,55,26
144,57,24
144,55,24
144,55,25
141,54,25
144,56,25
143,57,26
146,56,26
143,55,25
142,55,26
143,55,25
144,57,26
146,54,25
145,57,25
144,57,25
146,57,26
142,57,25
143,55,25
143,55,27
141,54,23
146,56,27
142,54,24
142,55,25
141,54,25
142,54,24
142,56,26
144,57,25
145,57,26
145,57,26
142,55,25
143,55,26
142,55,23
141,59,22
144,58,26
141,55,25
143,57,26
142,54,24
142,57,26
144,57,25
141,54,24
144,55,24
143,59,26
144,57,27
144,56,26
143,56,26
144,57,27
144,56,25
143,57,25
140,52,22
142,54,24
144,56,26
142,56,26
145,55,27
144,57,26
144,57,25
144,57,26
143,56,26
142,55,26
142,55,26
141,56,25
143,55,26
144,57,27
143,54,27
142,55,26
143,55,25
146,56,26
143,56,25
141,51,24
142,55,27
143,56,25
143,55,25
143,55,24
141,56,25
143,58,25
141,53,23
143,54,24
142,56,26
141,55,24
141,53,23
142,55,26
142,54,25
144,56,25
144,57,27
143,56,26
141,54,23
143,56,24
141,54,25
142,55,26
141,54,23
143,54,24
141,54,24
143,54,23
142,55,26
144,57,26
141,54,25
145,57,26
142,54,25
141,54,22
143,57,25
142,55,26
143,56,25
145,57,27
144,58,26
144,57,26
144,57,26
143,56,25
143,56,27
141,55,24
142,55,24
142,54,24
145,55,28
141,58,25
142,55,24
141,54,25
142,55,25
142,55,24
144,55,25
142,54,25
144,57,26
143,54,24
143,55,25
142,57,26
143,56,25
143,56,25
142,55,26
142,56,26
144,57,27
142,56,26
145,56,25
144,58,26
141,54,25
142,55,25
143,55,24
145,58,26
144,57,26
142,55,25
144,56,24
145,58,27
142,55,26
142,56,25
142,55,26
144,56,24
143,55,24
143,57,26
145,57,25
143,54,24
143,56,25
144,57,24
145,59,28
141,55,25
143,55,24
144,57,27
143,57,28
144,57,26
146,56,27
143,55,25
142,55,26
142,56,25
142,55,24
143,56,24
144,58,30
143,55,25
144,57,26
145,58,28
143,55,26
143,55,25
144,57,26
145,55,23
143,58,22
144,55,24
142,56,23
143,56,24
145,58,29
144,57,25
144,57,26
145,57,26
145,57,26
142,56,25
142,55,26
145,57,26
144,57,27
142,54,24
144,57,26
144,56,26
144,57,26
145,57,25
144,56,25
145,57,26
141,54,25
141,54,24
142,55,24
144,55,25
144,57,26
144,57,26
144,55,24
144,56,28
143,55,24
143,56,26
143,55,25
144,55,25
142,56,26
144,57,27
144,55,29
144,57,26
143,55,25
145,57,29
141,54,23
145,57,25
143,58,27
143,56,26
141,55,26
143,56,26
144,56,25
142,53,25
143,56,26
145,57,26
143,55,25
144,56,27
144,57,26
144,58,26
141,58,28
143,57,26
142,55,25
144,57,27
144,55,24
144,57,27
145,56,25
142,54,23
144,54,26
143,54,23
142,56,26
145,57,26
143,57,26
144,56,27
143,55,25
139,54,25
143,57,26
144,56,25
142,56,26
142,55,26
143,55,23
144,55,24
143,55,24
143,55,24
142,54,23
142,53,25
144,57,25
144,57,25
143,55,24
142,56,26
144,58,26
143,57,24
144,56,25
142,56,26
140,54,23
141,54,23
142,56,26
141,54,25
142,55,24
143,56,24
144,58,26
145,58,25
142,56,25
142,55,22
142,55,24
143,55,24
144,56,28
139,55,25
143,55,25
145,57,26
145,57,25
143,55,23
142,56,23
142,58,25
144,55,23
143,55,25
144,57,27
144,55,27
146,58,27
145,55,26
146,57,27
142,55,25
144,56,24
144,58,28
146,55,27
142,54,24
144,56,26
143,55,26
142,55,26
142,56,25
143,56,24
142,56,26
143,55,29
142,55,25
143,55,26
144,57,26
142,58,26
141,54,26
142,57,26
141,54,24
144,55,25
144,56,25
141,54,24
145,55,25
144,56,26
143,55,25
141,54,26
143,55,25
142,55,26
143,55,24
142,56,26
144,56,26
141,55,25
141,54,26
143,55,24
144,58,28
143,54,24
142,56,25
144,56,25
143,56,26
141,54,23
144,56,25
144,57,27
143,55,28
143,55,26
141,54,23
142,56,26
143,54,23
136,54,22
144,57,27
141,54,22
143,55,24
143,57,25
141,55,24
143,55,25
142,56,26
142,55,25
142,56,26
143,56,26
146,58,28
142,54,23
143,55,25
143,56,25
142,56,25
144,57,26
144,57,27
143,55,24
143,55,25
142,55,26
143,56,25
143,56,27
144,54,23
144,56,25
144,56,25
144,58,26
142,54,27
141,55,23
139,55,26
142,56,25
143,55,26
143,55,25
146,55,27
141,54,23
144,57,25
143,56,26
143,57,25
142,56,26
144,57,26
143,55,26
142,55,29
144,57,24
144,56,25
143,56,26
144,57,26
142,55,25
143,57,26
144,57,27
142,55,24
143,55,25
144,57,26
142,57,28
141,55,24
143,55,25
144,57,26
144,57,26
143,57,27
141,54,25
144,55,25
144,57,27
143,54,24
142,54,24
142,55,26
143,54,24
144,55,24
142,55,24
144,55,25
141,54,25
144,56,24
144,58,27
144,57,27
142,55,24
142,54,24
141,55,25
144,57,26
144,57,27
145,57,26
143,55,23
144,57,27
142,54,25
143,55,23
143,57,27
142,55,23
141,55,25
144,58,27
145,58,25
142,58,21
142,55,24
142,55,25
143,55,24
145,56,26
140,54,23
144,54,26
144,56,25
142,55,23
145,57,26
144,56,27
144,57,26
144,58,27
143,57,27
144,58,25
140,53,26
142,55,26
143,55,24
144,54,26
145,56,27
143,55,27
142,55,26
144,56,27
144,56,25
142,56,26
144,55,25
144,57,26
144,55,27
142,54,23
145,55,26
142,55,26
142,55,26
143,56,26
142,56,26
142,55,25
143,55,26
144,57,27
141,53,24
143,55,26
142,55,24
143,55,25
145,56,28
142,55,25
143,55,25
142,56,26
144,58,27
145,56,26
143,55,26
141,58,27
143,55,24
143,55,24
142,54,26
143,55,26
142,54,24
143,56,28
141,54,25
141,55,25
143,56,25
144,57,25
141,57,24
141,55,26
142,56,26
143,55,26
144,56,26
143,56,26
143,56,26
145,55,26
140,52,22
141,54,22
141,55,25
142,55,25
145,57,25
147,57,27
144,57,26
143,55,24
143,55,25
144,58,28
144,58,27
144,57,27
144,57,26
145,57,27
144,54,24
143,55,25
143,55,24
142,54,23
143,56,27
143,55,24
142,55,25
144,54,24
142,56,27
142,57,26
145,57,25
142,56,25
146,57,26
142,55,25
143,56,26
145,57,26
143,55,25
142,55,25
141,55,27
142,55,26
141,55,23
143,55,25
141,54,25
144,56,25
146,57,26
145,57,27
144,56,25
141,57,27
141,55,25
144,57,27
141,56,24
145,57,27
143,55,24
144,55,26
144,57,25
144,55,24
142,56,24
141,54,23
142,55,23
142,56,26
140,56,22
144,55,26
141,55,23
143,55,24
141,54,25
139,53,23
146,57,23
144,57,26
142,56,26
144,56,25
144,56,25
142,54,24
141,55,26
143,55,24
142,56,26
143,56,26
144,57,27
145,56,26
143,55,26
142,56,26
144,56,25
145,57,25
144,57,26
142,55,25
143,55,24
145,57,25
142,55,25
143,58,24
143,55,24
143,55,26
140,56,25
141,55,23
142,56,26
142,56,26
143,57,26
142,55,26
144,56,26
141,54,23
143,56,27
146,57,26
142,56,26
141,54,25
144,57,27
142,54,24
145,57,27
142,54,25
141,55,25
144,56,26
142,55,26
144,57,26
143,54,25
142,55,26
141,54,24
145,57,26
145,57,26
141,54,24
143,56,25
142,55,26
143,56,26
144,55,24
142,56,26
144,57,26
142,56,26
143,57,26
143,55,24
143,55,25
142,55,25
143,56,23
146,56,26
143,56,24
144,57,26
145,57,26
141,54,23
142,55,26
143,55,23
143,54,25
144,57,26
142,56,26
145,57,26
145,57,26
143,55,24
141,54,24
142,56,26
143,57,27
142,54,27
141,56,25
143,56,26
142,55,25
142,55,25
145,57,26
143,56,24
145,56,25
142,55,26
142,55,25
144,55,24
139,56,23
143,55,23
144,57,26
144,54,27
143,56,26
142,54,25
143,56,25
144,55,24
142,55,25
144,57,26
144,57,25
142,56,26
144,55,24
142,57,26
144,57,26
143,55,25
142,55,25
144,57,26
144,58,26
143,55,26
142,56,25
145,57,26
143,56,26
144,56,25
143,55,25
144,57,27
144,57,26
142,56,26
142,57,26
144,57,27
143,55,30
147,55,25
143,55,24
142,56,26
140,55,25
144,57,25
143,55,24
142,57,26
142,56,27
143,54,24
144,57,27
143,56,26
141,56,24
140,55,24
142,55,26
143,55,26
142,54,27
143,59,25
144,57,27
143,53,26
145,56,25
142,54,25
147,58,28
144,57,26
142,54,25
142,52,23
142,55,24
144,57,26
144,57,27
143,54,25
142,56,26
143,56,24
144,57,25
141,55,26
143,56,24
142,54,25
144,57,27
141,54,24
144,57,24
142,56,25
144,58,26
141,55,25
144,57,25
141,55,25
144,57,29
145,57,26
142,55,26
147,57,27
